titles,category
 김건희 여사  쓴소리 이언주 민주당 복당할 듯,Politics
 속보  합참  북  서해상으로 순항미사일 수 발 발사 ,Politics
    사진 찍고 갔다  분노에 대통령실     명 만나 위로  상인들 감사 표해  해명,Politics
유엔 인권검증대에 선   향해    탈북민 인권보호  첫 권고,Politics
   윤 한 갈등 충돌 아냐  일시적 의사소통 교란 정도 ,Politics
   새 법무 수장 서둘러 지명 한동훈 견제용 해석도,Politics
화재 현장 함께 방문 한동훈  대통령에 존중 신뢰 ,Politics
조태열 가미카와 첫 통화  한일 관계 좋은 흐름 확고히 해야  종합 ,Politics
 미래대연합  김종민  이낙연 신당과 합당  이번주 내 결론내야 ,Politics
벼랑 끝 여권 갈등  재난 앞에 멈췄다   주일간 무슨 일이,Politics
장범준  블록체인 적용 NFT 티켓으로 암표 막는다  건강한 공연 문화 만들 것 ,Economics
온투업 투자상품도 비교 추천 서비스 저축은행 기관투자 허용,Economics
 올해 설 차례상 비용 약   만원 전통시장이 싸 ,Economics
신세계면세점   신세계로 체크인  스위스편 공개,Economics
홍준표의 승리  대형마트 공휴일 의무휴업 전면 폐지 이끌어내,Economics
시몬스 침대  시몬스 맨션 인천부평점 오픈,Economics
 단통법 폐지 시간 걸린다  SKT 실적 영향  중립적   대신,Economics
절박한 영세업체  중대법 시행땐 폐업 실직 현실화할 것 ,Economics
곤두박질 친  증시 금융위기 때보다 실탄  배 더 투입,Economics
저신용자   금융권 대출 올해도 받기 어렵다,Economics
용인시   다함께돌봄센터    호점 개소  초등돌봄 제공 ,Social
 압구정 롤스로이스  운전자 오늘  심 선고,Social
 인터뷰   간고등어  코치  트레이너 추행 논란  PT매뉴얼 필요 ,Social
      폄훼 논란  인천시의장  불신임안 처리 불발,Social
 이선균 협박   명 기소  수사정보 유출  강제수사,Social
서울의료원  긴급 재난의료 지원차량 도입 최대   시간 현장 응급 지원,Social
  대   고 인 척 미성년자 만나 룸카페서 성범죄  가족들이 현장 잡았다,Social
소득 제한 없이 신혼부부에     호 주택 공급 서울시  저출생 극복모델 제안,Social
 눈 폭탄 에 제주공항  셧다운   만명  발동동 ,Social
 푸바오와 만남   월 초까지    월 떠나보낸다,Social
정부  넷플릭스 버금가는 만화 웹툰 플랫폼 조성한다,Culture
전국 맹추위 계속 강원 산지 체감    도  내일도 강추위 ,Culture
애플뮤직클래시컬 공식 출시 임윤찬 손열음 조성진 협업,Culture
JW신약  프랑스 피에르파브르  탈모 완화 화장품  판매,Culture
 북극 한파 에 폭설 강풍 이 시각 기상센터,Culture
제주도 내일까지 최대      눈폭탄  아침 영하   도 내일날씨 ,Culture
 한 달에  회 마셔도 영향   수면장애 유발  이 음료 ,Culture
한국계 셀린 송 감독  패스트 라이브즈   아카데미 작품상 후보,Culture
 지구 종말까지   초   위험 요소 핵 위협 기후 변화 AI ,World
 군마현 강제동원 조선인 추도비 철거 위기 정부  우호관계 저해 않길 ,World
  보  튀르키예 의회   스웨덴 나토 가입  비준,World
 뉴햄프셔 공화 경선 개표 초반 트럼프  헤일리에 한자릿수 우세,World
북한제 최신 미사일 나타났다   우크라 방공망  위태위태 ,World
미 영  후티 반군 추가 공습  상선 공격 차단 ,World
이스라엘 개전 후 최대 패배 하마스 공격에 이    명 몰사,World
중국 신장 규모     강진 발생,World
러시아군  우크라이나 대규모 공습  최소   명 사망 ,World
 이스라엘  인질 전원석방  개월 교전중단  제안 ,World
LGU   AI 고객의견 분석 시스템  VOC 랩  운영,IT
중국  게임주 폭락 이끈 규제 방안 철폐 시사 관련 종목 급등,IT
삼성SDS  올해 사이버 보안 최대 화두는 AI 악용한 위협 ,IT
네이버  생성형 AI 활용 광고 시작   CLOVA for AD  선보여,IT
 중국폰 보단 삼성이지  판세 뒤집더니 갤S    인도서  신기록 ,IT
KAIST 이브자리  슬립테크 공동 진출 AI 수면연구 박차,IT
하이브  엔터업계 첫 사내병원 설립  연습생도 이용가능,IT
키 체중 골 결정력까지 축구선수 영입도 생성 AI로,IT
